id,name,url,category_name,nature_name,location_names,experience_code,levels,department_code,updated_at,match_source,description,requirement
26256,高级AIGC产品经理（可灵AI专项）,https://zhaopin.kuaishou.cn/#/official/social/job-info/26256,产品类,全职,北京,5,"E8,E9,E10",D13912,2026-04-10T13:39:56.000+08:00,AI + 产品类,1、产品战略与规划： 深入洞察AIGC行业趋势、用户需求和竞争格局，负责AI图像生成模型及相关应用功能（Web & App）的中长期产品规划和迭代路线图； 2、核心功能与体验设计： 负责AI图像生成核心功能的完整生命周期，通过提升模型的可控性、表现力和易用性，系统性地优化用户创作体验，并探索与定义前沿的AI原生交互模式； 3、一体化工作流构建： 规划并推动图像与视频生成工作流的深度整合方案，打造连贯、高效的一体化创作体验，构建平台的核心竞争壁垒； 4、模型效果定义与驱动： 与算法团队紧密协作，将用户场景和产品需求，转化为清晰、可量化的模型效果评估标准。通过建立评测体系和反馈闭环，持续驱动算法模型在美学、可控性、真实感等方面的迭代精进； 5、数据驱动与用户洞察： 深度挖掘用户行为数据，结合定性/定量的用户研究和A/B测试，科学地评估产品表现，精准洞察用户核心意图与痛点，发现增长机会并驱动产品决策； 6、跨团队协同与项目管理： 作为项目核心，高效地与算法、工程、设计、运营、法务等团队沟通协作，确保产品高质量、按时交付，并达成预期的业务和数据目标。,1、经验背景： 3年及以上互联网产品经理经验，其中必须包含至少1年以上AIGC产品（图像或视频生成方向优先）的核心岗位经验； 2、领域认知： 对AIGC技术及行业有深刻理解，熟悉主流AI图像/视频产品的特点、优势及局限性，有自己的独到见解； 3、技术理解力： 对AI技术原理有基本认知，尤其熟悉扩散模型（Diffusion Model）、多模态大模型等，能与算法工程师进行深度、高效的技术方案交流； 4、产品硬实力：具备优秀的逻辑思维和用户同理心，能从复杂的场景中洞察用户痛点，并提炼为清晰的产品需求。能独立完成高质量的PRD、交互原型设计、数据埋点方案等产品文档的撰写； 5、数据能力： 具备优秀的数据分析能力和数据敏感性，能熟练运用数据指导产品决策，有A/B测试设计和分析经验者优先； 6、综合素质：具备出色的沟通协调和项目管理能力，能有效驱动跨职能团队达成目标。有强烈的自驱力、好奇心和责任心，能在快速变化和充满挑战的环境下保持学习和成长。对AI创作充满热情，乐于探索技术的边界，渴望打造出改变内容创作方式的顶尖产品； 7、加分项：有从0到1成功打造并运营AIGC产品的经验者优先。有AI Agent或多步工作流（Workflow）自动化产品设计经验者优先。具备影视行业背景（如导演、分镜师等），深刻理解叙事与镜头语言者优先。具备技术（算法/开发）或设计（UI/UX）背景者优先。有海外产品设计和运营经验者优先。
27465,AI Native产品专家（AIGC对话方向）-【生活服务】,https://zhaopin.kuaishou.cn/#/official/social/job-info/27465,产品类,全职,北京,5,"E7,E8,E9",D14531,2026-04-10T11:25:19.000+08:00,AI + 产品类,1、场景定义与重构：深入理解商业化“商家私信”的全链路场景（重点是分行业咨询、营销转化以及留资转化），基于大模型能力重构商家与用户的对话交互模式，打造AI Native的智能客服与营销助手； 2、大模型对话策略：负责对话机器人的核心策略设计，包括但不限于多agent协同、Prompt Engineering、RAG（检索增强生成）知识库构建等的优化，确保机器人回答的准确性、拟人化和情感化； 3、商业化闭环设计：探索AI对话的商业价值，设计“对话即服务/交易”的链路。通过AI主动引导、商品推荐、优惠发放、引导留资等策略，在服务过程中提升商业化转化率（留资/消耗）； 4、商家提效工具：为商家提供低门槛的AI配置后台（Agent配置、知识库管理），让不同行业的商家能轻松训练自己的“金牌导购AI”； 5、效果评估与迭代：建立涵盖准确率、覆盖率、用户满意度（CSAT）及商业转化率的立体评估体系，基于Badcase分析持续驱动模型与产品的迭代。,1、背景：本科及以上学历，3年以上产品经验，其中至少2年NLP/大模型/智能客服相关经验，或电商交易/导购产品经验； 2、AI Native思维：深刻理解LLM（大语言模型）的原理、边界与能力（如GPT、Claude、国内主流大模型），有实际落地的Agent设计或Prompt调优经验者优先，拒绝“为了AI而AI”； 3、商业化Know-how：熟悉商业化流程，理解商家无法从咨询转销售等痛点，能将复杂的业务逻辑转化为AI可执行的任务； 4、数据驱动：具备极强的数据敏感度，能通过A/B Test验证对话策略对商业指标（转化率、点击率）的影响； 5、加分项：有过Manus/Character.ai/Jasper等AI Native产品深度研究或从业经验者优先。
28353,广告策略产品运营（AIGC方向）-【生活服务】,https://zhaopin.kuaishou.cn/#/official/social/job-info/28353,产品类,全职,北京,5,"E8,E9",D12246,2026-04-10T11:07:49.000+08:00,AI + 产品类,1、广告AIGC素材策略定制：深入研究信息流广告线索类行业（如商务服务、通信、家居建材等）的广告素材，基于投后数据和内容结构，提炼好素材的脚本和内容结构范式，形成可量化的素材策略SOP，持续推动广告AIGC素材的生产质量的提升； 2、推动创编和分发效率提升：基于广告平台的创编逻辑和引擎分发逻辑，通过数据分析，挖掘生产/创编/分发的漏斗洼地，并转化为明确的产品需求，保障素材消耗提升； 3、产品赋能：负责相关功能上线后的推广、培训、案例沉淀与效果跟踪，赋能业务团队规模化应用AIGC； 4、监测与迭代： 跟踪策略落地效果，通过数据反馈持续验证和优化内容策略，确保其有效性。,1、本科及以上学历，3年以上信息流广告优化、广告创意策略或商业化产品运营相关经验，对效果广告有深刻理解； 2、熟悉短视频或生活服务行业，有过平台策略或行业研究经验优先； 3、具备强逻辑分析与抽象能力，能将复杂现象提炼为可执行框架； 4、熟练使用数据分析工具，如SQL、Tableau、Excel等； 5、沟通协调能力强，能推动跨部门项目落地。
28344,智能客服产品经理（AI方向）-【生活服务】,https://zhaopin.kuaishou.cn/#/official/social/job-info/28344,产品类,全职,北京,5,"E7,E8",D12246,2026-04-10T11:07:49.000+08:00,AI + 产品类,1、负责效果投放平台、企微端等多端智能客服产品，包括但不限于面向客户的AI客服、AI优化师、SCRM等产品，完成需求沟通、需求执行落地，辅助研发模型调优，助力业务指标达成； 2、结合客户（投手）在投放过程中的需求和大模型能力，通过搭建智能化的交互流程、用户意图识别及优化解决方案等方式，满足客户（投手）对平台问题咨询和信息获取需求，为智能客服可覆盖的客户规模和活跃度负责； 3、持续学习业界优秀的SCRM、AI机器人等方向产品，并且能基于有效的数据分析和业务调研，持续推动产品迭代，助力业务目标达成。,1、有商业化AI智能问答类工具、智能客服类产品0-1孵化经验优先，有模型训练与评测、动手搭建过简易Agent经验优先，有输出过可量化可标准化的对客营销/投放策略方案的经验优先； 2、对智能营销助手和AI大模型有较高的热情和好奇心，了解大模型能力，应用场景等，对智能解决方案有较深理解，积极性和推动能力强； 3、有商业广告相关经验/熟悉ToB营销产品优先；对智能服务和有较高的热情和好奇心，对智能解决方案和智能服务流程有较深理解； 4、有较强的数据分析、挖掘能力，数据敏感度高，能有效搭建评估指标体系和通过数据归因问题。
29901,广告产品运营（AI应用方向）-【生活服务】,https://zhaopin.kuaishou.cn/#/official/social/job-info/29901,产品类,全职,北京,5,"E7,E8,E9",D14545,2026-04-10T11:07:40.000+08:00,AI + 产品类,1、负责线索广告产品的全生命周期运营，包括但不限于产品上线、推广、数据分析、效果跟踪等环节，提升产品使用率和广告主满意度； 2、与产品、技术、销售团队紧密协作，推动线索广告产品功能迭代和优化，主攻AI聊天对话意向识别、LLM训练等，提升线索有效性等广告主投放效果； 3、深入理解线索广告业务，洞察行业趋势和客户需求，制定针对性的运营策略，优化广告投放效果； 4、监控和分析运营数据，挖掘用户行为规律，设计并实施数据驱动的运营策略； 5、负责客户培训与支持，帮助广告主更高效地使用产品，提升客户转化率和复购率； 6、收集市场反馈，形成定期报告，支持产品团队制定中长期发展规划。,1、本科及以上学历，3 年以上互联网广告产品运营相关经验，有线索广告产品运营经验优先；有 LLM 技术在识别任务、模型训练或实际应用场景中的相关经验者显著加分；学习能力强、愿意关注新生技术显著加分； 2、熟悉线索广告的产品逻辑及运营模式，具有较强的市场敏感性和用户需求洞察能力； 3、优秀的数据分析能力，熟练掌握 SQL 语言，能够独立完成数据提取、清洗、统计与分析，能够基于数据发现问题并制定相应的解决方案； 4、具备优秀的沟通协调能力，能够跨部门有效协作，推动项目落地； 5、责任心强，抗压能力强，能够适应快节奏的工作环境。
28303,广告策略产品专家（AI智能投放方向-UAX）-【生活服务】,https://zhaopin.kuaishou.cn/#/official/social/job-info/28303,产品类,全职,北京,5,"E8,E9,E10",D14798,2026-04-10T11:07:38.000+08:00,AI + 产品类,1、团队介绍：作为智能投放中台支持生活服务业务。横向拉通智能投放基础策略模块、纵向拉通线索行业产品提供解决方案、团队氛围nice，在这里可以收获广告智能投放能力，也可以深入了解不同行业； 2、负责商业化线索广告产品系统搭建，为广告主提供智能投放解决方案，从而提升广告变现效果，达成商业目标； 3、负责智能化投放系统的一个或多个方向建设，范围涵盖中小友好投放-省心投、周期稳投及线索智能投放UAL、调价&基建&Agent策略等全线产品； 4、根据行业洞察及机会探索，抽象提炼客户问题，并通过生成式智能调价、智能基建、投放Agent及、素材Aigc等策略优化，促进客户成长和广告收入。,1、本科及以上学历，有过智能投放、智能调价、智能基建、素材优选、成本优化和跑量策略等至少一项商业化策略经验优先； 2、优秀的沟通能力及跨团队的协同能力，可以有效进行内外部团队的串联，独立负责和推进需求； 3、负责任、学习能力强，具备很好的适应能力与抗压能力，能够融入快节奏的产品团队； 4、具备SQL能力，有较强的数据分析Sense，能用数据说话。
28798,AIGC产品经理（号生态方向）-【生活服务】,https://zhaopin.kuaishou.cn/#/official/social/job-info/28798,产品类,全职,北京,5,"E7,E8,E9",D14536,2026-04-10T11:07:33.000+08:00,AI + 产品类,1、负责快手生服线索经营工具以及商业生态相关产品功能迭代，包括生活号线索经营组件提效，AIGC内容生产赋能，为线索商家活跃指标负责，助力团队账号营收目标达成； 2、作为方向主R，具备业务中长期规划能力，具备良好的对外沟通和资源协调能力，指标意识强。能联动多团队达成业务目标； 3、具备用户视角，能从平台、商家和用户多方视角，全链路的思考线索经营商业生态机制设计。关注行业趋势，了解业界最佳实践，并能结合业务当前阶段制定解决方案。,1、本科及以上学历，3年以上工作经验，有号生态产品、AIGC经验者优先考虑； 2、数据敏感度高，逻辑思维缜密，善于分析、抽象和解决问题； 3、具备高度责任心，有良好的跨团队沟通能力，较强的学习能力和抗压能力。
30143,商业私信产品经理（AI方向）-【生活服务】,https://zhaopin.kuaishou.cn/#/official/social/job-info/30143,产品类,全职,北京,5,"E7,E8,E9",D14543,2026-04-10T11:07:32.000+08:00,AI + 产品类,1、负责快手商业私信链路投广体验和效果优化，包含广告点击→私信进线→留资转化的漏斗效率，对SCVR和私信消耗指标负责； 2、主导AI能力在线索广告的落地应用，包括不限于商家知识库搭建及应用，咨询意图识别理解等； 3、联动业务团队定位客户问题，针对不同垂直行业预算特点设计差异化产品解决方案； 4、具备用户视角，能从平台、商家和用户多方视角。关注行业趋势，了解业界最佳实践，并能结合业务当前阶段制定解决方案。,1、本科及以上学历，3-5年产品经理经验，有线索广告、IM广告等相关产品经验； 2、有AI项目落地经验：主导或深度参与过AI能力在实际业务场景的产品化落地； 3、具备高度责任心，有良好的跨团队沟通能力，较强的学习能力和抗压能力。
30096,线索CRM产品（AI方向）-【生活服务】,https://zhaopin.kuaishou.cn/#/official/social/job-info/30096,产品类,全职,北京,5,"E8,E9,E10",D12421,2026-04-10T11:07:31.000+08:00,AI + 产品类,1、负责快手线索CRM产品规划与落地，涵盖线索生命周期管理（线索获取-分配-跟进-转化-复盘），构建行业领先的线索经营基础设施； 2、主导AI能力在线索CRM场景的落地应用，探索智能线索分层、智能分配、智能跟进等方向，通过AI技术提升线索转化效率和用户体验； 3、深入理解本地生活线索业务场景（生服、汽车、家居、医美、教育等），设计适配多行业特性的CRM解决方案，支持商家线索经营效率提升； 4、联动算法、工程、运营团队，将AI能力与业务场景深度结合，推动从0到1的产品创新及规模化应用。,1、本科及以上学历，3-5年产品经理经验，有CRM、SCRM、销售工具、营销自动化等相关产品经验； 2、完整主导过至少一款B端产品从0到1或从1到N的迭代过程； 3、有AI项目落地经验：主导或深度参与过AI能力在实际业务场景的产品化落地。
27355,策略产品实习生（AIGC方向）-【生活服务】,https://zhaopin.kuaishou.cn/#/official/social/job-info/27355,产品类,实习,北京,1,,D10698,2026-04-10T11:07:26.000+08:00,AI + 产品类,1、对AIGC感兴趣，协助跟进商业化AI评论、AI小说、数字员工、智能客服、数字人直播互动等相关产品的设计及上线； 2、跟进业务重点项目需求分析和实时落地，高效推进保证项目按时交付； 3、负责AI生成内容的评估及分析，并从case中洞察问题，通过模型、Prompt、工作流等手段调优生成效果。,1、本科及以上学历，有过 AI、机器算法学习、竞价广告策略、推荐策略等相关实习经验优先； 2、对AI 产品感兴趣，愿意了解行业内外前沿科技和AI 在广告领域的应用范式； 3、具备一定数据分析能力，学习意愿强烈，工作踏实认真； 4、能实习6个月及以上，一周至少4天，全勤到岗优先。
27829,策略产品实习生（AIGC方向）-【生活服务】,https://zhaopin.kuaishou.cn/#/official/social/job-info/27829,产品类,实习,北京,2,,D10606,2026-04-10T11:07:26.000+08:00,AI + 产品类,1、对AIGC感兴趣，协助跟进商业化AI评论、数字员工、智能客服、数字人直播互动等相关产品的设计及上线； 2、跟进业务重点项目需求分析和实时落地，高效推进保证项目按时交付； 3、负责AI生成内容的评估及分析，并从case中洞察问题，通过模型、Prompt、工作流等手段调优生成效果。,1、本科及以上学历，有过 AI、机器算法学习、竞价广告策略、推荐策略等相关实习经验优先； 2、对AI 产品感兴趣，愿意了解行业内外前沿科技和AI 在广告领域的应用范式； 3、具备一定数据分析能力，学习意愿强烈，工作踏实认真； 4、能实习6个月及以上，一周至少4天，全勤到岗优先。
28315,AI直播产品组实习生,https://zhaopin.kuaishou.cn/#/official/social/job-info/28315,产品类,实习,北京,2,,D10606,2026-04-10T11:07:25.000+08:00,AI + 产品类,1、协助直播产品组开展生活服务部门的AI直播业务，参与AI虚拟人直播相关产品的功能设计及优化； 2、针对AI生成直播效果制定测评标准，并参与效果评定和后续优化，分析效果并提出优化建议； 3、支持商家和达人直播间背景样式的灵活调整，协助营造大促氛围，突出商品核心卖点等； 4、参与数据分析工作，支持直播转化率和GMV提升相关的策略分析，提供数据支持和优化方向；,1、本科及以上学历，计算机、人工智能、数据科学等相关专业优先； 2、对AI技术、生活服务直播及生服行业有相关实习经验者优先； 3、具备良好的逻辑思维能力、数据分析能力，熟练使用Axure、SQL等分析工具； 4、优秀的沟通能力和团队协作能力，责任心强，能够适应快节奏的工作环境； 5、实习时间6个月，每周到岗4天及以上优先； 6、对AI虚拟人、生活服务直播业务有了解，或有相关领域的项目经验的优先； 7、有使用AI生成技术或直播相关工具的实际操作经验的优先； 8、对直播间视觉设计、背景及氛围营造有一定的认知和兴趣的优先。
28376,AIGC产品专家（内容策略方向）-【生活服务】,https://zhaopin.kuaishou.cn/#/official/social/job-info/28376,产品类,全职,北京,5,"E8,E9,E10",D14530,2026-04-10T11:07:25.000+08:00,AI + 产品类,1、负责快手生活服务AI产品相关内容策略产品工作。深入理解本地生活业务、广告业务及内容（直播&短视频等）生态，搭建并优化策略产品体系，助力业务增长； 2、将AIGC与本地生活行业的特点和对应广告域特点，设计AIGC与内容推荐、投放、搜索、流量分发、用户转化、内容范式等结合的核心策略，提升平台变现效率和商业化价值； 3、通过深入的数据分析和用户行为洞察，挖掘业务增长点，制定对应的内容侧策略方向，提升用户活跃度，优化变现和转化效果； 4、结合AI能力，探索AI短视频、AI直播在本地生活服务场景中的创新型应用，推动智能化内容创作与分发策略的落地； 5、协同算法、DA、技术和运营团队，制定并实施策略产品解决方案，将策略产品需求转化为可落地方案并推动实施，推动流量分发、广告转化和内容消费的全链路优化，确保策略效果达成； 6、持续跟踪策略产品的效果数据，进行复盘分析，推动产品功能和策略迭代优化； 7、关注行业趋势和竞品动态，结合快手平台特点，探索本地生活、广告和内容的创新策略，驱动商业价值提升。,1、本科及以上学历，热爱AIGC行业（欢迎没有AIGC经验但热爱并乐于转型的同学），3年以上策略产品经理相关经验，对本地生活业务、广告业务和内容（直播&短视频）领域有深入理解； 2、熟悉互联网流量分发机制，具备流量调控、广告投放、内容分发的策略设计经验； 3、优秀的数据分析能力，能够通过数据驱动产品优化，熟练使用SQL等数据分析工具，有相关数据分析背景者优先； 4、具备优秀的跨团队沟通与协作能力，能快速协调资源推动策略落地，结果导向； 5、了解生成式AI能力边界，对于AI内容（AI短视频、AI直播等）有了解优先。
28317,AI内容产品组实习生,https://zhaopin.kuaishou.cn/#/official/social/job-info/28317,产品类,实习,北京,2,,D10606,2026-04-10T11:07:24.000+08:00,AI + 产品类,1、协助内容产品组进行生活服务部门的AI生成内容相关工作，包括图文生成、视频生成等内容生产； 2、针对AI生成效果制定测评标准，并参与效果评定和后续优化； 3、参与短视频与对应品类的匹配策略制定，协助优化内容推荐和分发策略； 4、协助团队分析商品内容对转化及GMV提升的影响，提供数据支持和优化建议； 5、参与产品需求调研、功能设计、项目推进及上线运营工作，推动项目进展。,1、本科及以上学历，计算机、人工智能、信息技术、数据科学等相关专业优先； 2、对AI生成内容、多模态大模型、生成式算法、有浓厚兴趣，有相关实习经验者优先； 3、具备良好的学习能力、数据分析能力及逻辑思维能力，熟练使用Axure、SQL等数据分析工具者优先； 4、优秀的沟通与团队协作能力，责任心强，能够适应快节奏的工作环境； 5、实习时间6个月，每周到岗4天及以上优先； 6、对内容生态、生活服务行业有了解，或有相关领域的项目经验的优先； 7、熟悉AI内容生成技术（如Diffusion Model、图像生成等）相关知识的优先。
20795,AIGC产品专家（直播方向）-【生活服务】,https://zhaopin.kuaishou.cn/#/official/social/job-info/20795,产品类,全职,北京,5,"E9,E10",D14530,2026-04-10T11:07:24.000+08:00,AI + 产品类,1、负责本地生活服务业务下的AI直播能力建设，能够深入了解各行业场景的场景和痛点的深刻理解，制定具备良好体验的产品方案； 2、结合先进的AIGC技术，通过大语言模型、文生图、图生图等能力打磨和在直播场景组合应用，优化AI直播平台核心能力，帮助商家实现降本增效； 3、高效协同研发、产品、运营等关键团队，与协同部门建立深度合作关系，精准提炼业务需求，推动关键能力的实现与业务的持续迭代，确保业务在高效与高质量中实现稳步增长； 4、保持对市场竞品的高度敏感，结合本地生活服务的实际痛点，场景化地规划产品的发展方向和执行路径，确保产品始终走在行业前沿。,1、计算机、AI等相关专业背景优先，了解NLP、深度学习等AI技术框架和算法原理； 2、3年以上互联网产品经理工作经验、3年AI产品或视频类产品相关从业经验； 3、较强的市场分析和产品规划能力； 4、具备良好的团队协作和项目管理能力者优先； 5、有大语言模型等前沿技术产品落地经验者优先、有商业化AI产品落地经验优先。
23556,AIGC产品经理（短视频方向）-【生活服务】,https://zhaopin.kuaishou.cn/#/official/social/job-info/23556,产品类,全职,北京,5,"E8,E9,E10",D14530,2026-04-10T11:07:23.000+08:00,AI + 产品类,1、负责广告素材AIGC产品全生命周期管理，包括但不限于脚本生成、文生图片、图生视频、文生视频等方向； 2、设计和实施创新的AIGC解决方案，以支持数字人业务发展，包括数字人口型驱动、表情驱动、动作驱动，以及文生音频、文生图片、数字人互动等功能； 3、与研发团队紧密合作，确保产品从概念到市场落地过程中的需求准确无误地实现，进行市场调研，收集用户反馈，分析竞争对手，以指导产品优化和迭代； 4、探索和评估新兴的人工智能技术，以识别新的应用场景，并提高现有产品的性能和用户体验，关注行业趋势，确保我们的AIGC解决方案始终保持行业领先。,1、计算机科学、人工智能或相关领域的专业背景优先，希望你深入理解NLP、深度学习等技术框架和算法原理； 2、至少3年互联网经验，有3年以上产品或广告素材相关领域从业经验优先； 3、具备出色的市场分析和产品规划能力，能根据市场需求制定有效的商业策略； 4、优秀的团队协作和项目管理能力，能够在多部门间有效沟通并推动项目进度，优先考虑成功实施前沿技术产品或商业化AIGC产品的经验者。
29156,AI产品经理-【AI数字化员工平台】,https://zhaopin.kuaishou.cn/#/official/social/job-info/29156,产品类,全职,北京,5,E8,D10915,2026-04-10T10:32:06.000+08:00,AI + 产品类;AI产品经理,你是否想过，用AI技术彻底改变企业员工的工作方式？你是否希望站在技术浪潮的最前沿，定义下一代AI数字员工产品？ 我们正在构建一个业界领先的AI数字化员工平台，通过AI Agent技术实现AI Native的工作新范式。在这里，你将： ● 定义未来产品：深度理解AI大模型（Gemini、GPT、Claude）的能力边界，将前沿技术转化为用户真正需要的产品功能 ● 驱动商业价值：洞察开发者痛点，设计AI驱动的解决方案，实现10X的工作效率提升 ● 跨界融合创新：连接技术与业务，与顶尖工程师、设计师紧密协作，将AI Agent的无限可能变为现实 ● 引领行业变革：参与定义AI时代的软件开发新范式，成为行业标准的制定者 如果你渴望用产品思维和AI重新定义开发者体验，我们期待你的加入！ 1、产品规划与设计：深入研究AI Agent、大模型应用等前沿技术，挖掘在企业工作场景中的落地机会；撰写清晰的PRD文档，定义产品需求、用户故事及验收标准； 2、用户研究与需求洞察：深入理解开发者工作流程，识别代码编写、测试、部署、运维等环节的效率瓶颈；持续挖掘用户需求与市场机会，建立用户反馈闭环，驱动产品持续迭代优化； 3、项目推进与跨团队协作：与研发、设计、算法团队紧密协作，推动产品从概念到上线的全流程落地；协调内外部资源，把控项目进度与质量，确保按时交付； 4、数据驱动与效果评估：建立产品核心指标体系，通过数据监控评估产品表现；基于数据洞察持续优化产品策略，提升用户体验与商业价值。,1、本科及以上学历，3年以上产品经理经验，有完整的产品从0到1经历； 2、具备价值判断力，能够将“用户需求”转化成“可被模型解决的问题”，设计AI产品能够真正创造增量价值； 3、优秀的逻辑思维能力，能够将复杂问题结构化拆解；具备AI产品设计能力，能设计人机协作流程； 4、具备拥抱AI的意识，日常产品工作中尽可能使用AI工具/能力为产品工作赋能； 5、加分项： （1）熟悉AI数字员工以及有AI Coding领域经验； （2）了解大语言模型（LLM）、AI Agent、Prompt Engineering等技术原理； （3）有AI产品、开发者工具（ToD）或企业级产品（ToB）经验； （4）技术背景或编程经验，能够与工程师深度对话。
24770,AIGC产品经理（电商广告）-【电商】,https://zhaopin.kuaishou.cn/#/official/social/job-info/24770,产品类,全职,北京,5,"E8,E9,E10",D13502,2026-04-09T16:40:13.000+08:00,AI + 产品类,1、负责AI大模型在快手电商广告人货匹配上的应用，利用大模型内容理解、AIGC视频生产等技术能力，提升客户全链路投放效率、用户C端转化效率； 2、了解CNN、RNN、transformer等大模型神经网络架构，负责AIGC文案/图片/视频多模态内容生产的能力建设，包括但不限于AI工具接入、产品化设计、消耗渗透提升等； 3、对AIGC行业市场动态具有较好的洞察能力，能够将前沿技术很好的应用于业务中； 4、同时具备较好数据敏感度和分析能力，能够从数据中洞察问题并提出优化思路。,1、本科及以上学历，至少有3年AIGC相关产品经验，若有商业化/电商等应用经验优先； 2、具备行业分析能力，数据敏感，逻辑清晰，熟练使用sql等数据分析工具者优先； 3、良好的学习能力，具有良好的独立思考能力、自我驱动力和行业洞察力； 4、良好的沟通能力，有团队合作精神与大局观。
28488,AI平台产品经理,https://zhaopin.kuaishou.cn/#/official/social/job-info/28488,产品类,全职,北京,4,"E6,E7,E8",D7511,2026-04-07T20:55:04.000+08:00,AI + 产品类,1、负责平台产品的需求分析、产品设计和落地推动工作，持续提升产品体验和用户满意度； 2、负责用户痛点调研、收集反馈及场景分析，并结合效果监测、行业动态等调整产品迭代方向； 3、与设计、研发、测试等不同职能同学配合，跨部门协作，推动产品交付迭代，提升整体对接效率。,1、2年以上产品经验，参与过中大型项目产品工作，善于拆解和推进复杂需求落地； 2、有扎实的产品基本功，逻辑思维强，细节和数据敏感，具备优秀的产品规划和沟通能力； 3、自驱性强，有领域视野，善于主动发掘潜在业务需求，能和各方建立良好的协作关系； 4、对LLM、Agent、RAG等技术有一定了解，具备大模型落地和使用经验，有较强的业务理解和学习能力； 5、有平台类产品经验者优先，参与过AI产品设计或有相关项目经验者优先。
26810,AI研发工具产品经理-【CodeFlicker】,https://zhaopin.kuaishou.cn/#/official/social/job-info/26810,产品类,全职,北京,4,"E7,E8",D7511,2026-04-07T20:52:57.000+08:00,AI + 产品类,1、制定AI大模型能力在研发交付工具领域的战略规划，确保与部门整体战略一致； 2、探索AI大模型在研发工具上的应用，深入了解最新技术发展趋势，并理解用户需求，为产品提供定制解决方案； 3、从真实用户使用路径出发，持续迭代AI能力在研发流程中的体验与效果，关注用户激活、使用深度、留存与价值感知，并推动在实际研发交付过程中的落地，对实际使用效果负责； 4、具备一定商业化与增长意识，参与AI研发工具的功能分层、付费转化路径设计，在保障用户体验的前提下推动产品价值转化。,1、具备优秀的沟通表达和文档撰写能力，自驱力强，善于和不同团队合作、能够沟通协调解决实际问题，推动方案落地； 2、注重用户体验，在交互方面有一定的积累，熟练掌握专业的设计和原型开发工具； 3、强用户导向，能够从用户行为和使用数据中洞察问题。具备数据意识，能够基于用户行为数据（如使用频率、功能渗透率、留存、转化等）评估产品效果，并指导产品决策与优先级调整； 4、在企业级服务、互联网产品、工具类或中台类产品方向拥有 1 年以上工作经验，对研发场景或开发者工具有深入理解者优先； 5、本科及以上学历，计算机科学、商业管理或相关技术专业背景，或具备同等水平的实践经验。 优先条件： 1、参与或主导过 AI Coding、代码助手、研发效能工具等相关产品的设计与建设，对模型能力与产品形态结合有实践经验； 2、拥有产品 2B 或 2C 商业化或增长相关经验者优先； 3、拥有大型公司内部项目协作、研发效能、DevOps、技术运营等领域平台建设经验者优先； 4、拥有多项目管理以及跨团队领域协调经验者优先，能在快节奏中保持良好决策力； 5、熟悉互联网产品研发交付过程，有一定技术背景者优先。
29973,AI公益产品经理,https://zhaopin.kuaishou.cn/#/official/social/job-info/29973,产品类,全职,北京,4,"E6,E7,E8",D0816,2026-04-03T10:27:20.000+08:00,AI + 产品类,1、AI公益项目技术方案设计：深入理解公益业务场景（教育、助残、乡村振兴、非遗保护等），识别AI技术可赋能的痛点；设计AI技术解决方案，包括需求分析、技术选型、产品原型设计，将复杂的AI技术转化为业务团队可理解的公益产品逻辑； 2、AI公益项目落地与迭代：协调技术、业务、外部合作方，推动AI公益项目的落地执行；跟踪项目进展与效果，基于反馈持续优化方案；沉淀项目经验与方法论； 3、AI公益前沿探索与行业研究：持续跟踪AI技术发展趋势（大模型、多模态、Agent等），研判其在公益领域的应用前景，研究国内外AI+公益的最佳实践，输出行业洞察报告，代表快手公益参与行业会议，建立技术影响力； 4、公益数据资产与AI能力建设：梳理和沉淀公益领域的数据资产，为AI模型训练提供支持，探索公益垂直领域的大模型微调或应用开发，建立AI公益的技术工具和平台能力。,1、本科及以上学历，专业不限，1-3年工作经验或应届毕业生； 2、对AI技术有基础理解，了解大模型、AI产品形态或算法应用场景，对公益事业有较高意愿度，关注技术如何服务于社会问题； 3、具备产品思维，有需求分析、项目推进或跨团队协作经验，学习能力强，能快速理解新场景、新领域，沟通表达清晰，具备自驱力和执行力； 4、有产品经理实习/项目经验，或AI相关项目经历，有志愿服务、公益项目或社会实践经历，计算机、人工智能、社会学、公共管理等交叉学科背景；熟悉快手生态或内容创作者体系； 5、对技术+公益有热情，愿意深入一线了解真实需求；结果导向，务实落地；好奇心强，善于连接人与事。
30068,AI产品测试实习生,https://zhaopin.kuaishou.cn/#/official/social/job-info/30068,产品类,实习,北京,2,,D8983,2026-03-31T17:46:52.000+08:00,AI + 产品类,1、人工评测：模拟真实用户场景，开展AI软硬件多轮对话测试，精准识别体验漏洞、逻辑缺陷及回答不合理问题，形成结构化问题报告； 2、批量评测：运用自动化评测工具执行任务，完成机器结果复核、人工校准与评分优化，确保评测数据有效性； 3、行业研究：跟踪AI领域动态，系统整理技术趋势、竞品测评等资料，输出标准化分析文档； 4、产品支持：参与功能优化全流程，辅助完成用户调研、运营方案设计等协同工作。,1、本科及以上学历在读； 2、保证连续3个月实习期，每周线下办公≥3天； 3、具备敏锐的产品洞察力与细节把控能力； 4、逻辑严谨，擅长问题归因与跨团队沟通； 5、对AI对话产品有浓厚兴趣； 6、加分项：有AI产品测试/用户研究经验；掌握基础Python/SQL技能；熟悉大模型技术原理。
28852,多模态大模型数据运营专家-【可灵AI专项】,https://zhaopin.kuaishou.cn/#/official/social/job-info/28852,产品类,全职,北京,4,"E8,E9,E10",D13923,2026-03-27T15:55:22.000+08:00,AI + 产品类,1、数据策略制定与规划，与算法团队深度协同，负责多模态数据生产的规划与项目交付； 2、数据产线搭建、运行、交付与质量保障，设计数据产线，确保项目按计划、高质量交付，对最终交付结果负责；有系统性的数据运营方法论，通过建立深度的质量监控与反馈机制，确保生产效率与数据准确性； 3、持续优化数据生产的流程，沉淀最佳实践，不断优化效率与质量； 4、层次级的数据专家资源生态的搭建与管理，基于项目需求制定合理的任务定价、结算规则和资源数量规划； 5、成本投入策略设定与风险控制，实现项目成本的精细化运营，有效进行项目规划、风险预警与管理。,1、具备计算机科学、人工智能、数字媒体、设计学或相关专业背景者优先，拥有2年以上项目管理经验，并有图像、视频、图文结合等多模态数据生产或标注项目经验； 2、深刻理解多模态大模型对图文数据的核心要求，熟悉视频生成、图片生成、多模态理解等任务的数据范式与质量标准，具备优秀的视觉理解能力和图文逻辑判断力，能够精准评估图像内容的丰富度、文本描述的准确性及两者间的强关联性； 3、具备卓越的项目管理与端到端交付能力，熟练掌握项目规划、风险控制，以及面向视觉理解、图文标注等领域的专家资源的管理、沟通与协同； 4、具备出色的逻辑分析与问题解决能力，能够敏锐地发现业务流程中的问题与瓶颈，并设计、推动解决方案落地。
27967,B端平台基建产品经理（可灵AI专项）,https://zhaopin.kuaishou.cn/#/official/social/job-info/27967,产品类,全职,北京,5,"E7,E8,E9",D14168,2026-03-27T11:40:06.000+08:00,AI + 产品类,1、负责可灵TOB直客/渠道等相关管理平台的产品架构设计与上线跟进； 2、对内，承接销售团队的相关平台需求，包括但不限于客户管理/渠道管理/结算分成等产品模块； 3、对外，承接业务发展所需的云服务企业账号相关管理功能，支撑业务发展； 4、深入研究行业在平台型产品体系的发展趋势，不断在平台产品体系方案整合上取得突破。,1、具有平台型产品策划经验，具备云服务/CRM/财务结算等系统产品设计经验； 2、三年以上的产品经验，有技术产品或者云服务经验者优先； 3、执行力强，承压能力强，具备良好的职业和道德素养。
29836,产品实习生 (AI 应用方向)-【电商】,https://zhaopin.kuaishou.cn/#/official/social/job-info/29836,产品类,实习,"北京,杭州",1,,D11445,2026-03-26T17:01:03.000+08:00,AI + 产品类,1、深入洞察电商用户的全生命周期（拉新、活跃、留存、转化），基于数据分析与用户调研，设计并迭代用户产品机制与增长玩法，直接为GMV及用户活跃度负责； 2、挖掘用户痛点，拆解关键导购与交易转化链路。通过策划并落地A/B实验，持续优化产品体验和转化效率，建立良好的用户心智； 3、紧密跟进大语言模型（LLM）和AIGC技术的发展，深入挖掘AI在电商智能导购、个性化营销内容生成、下一代用户交互形态等场景中的落地机会； 4、跨部门协同与创新，跟踪行业竞品及AI产品动态。与算法、AI大模型团队、数据分析、研发紧密合作，推动最前沿的策略和技术方案在电商真实场景中发挥业务价值。,1、本科及以上学历，每周可实习4-5天，能连续实习3个月及以上者优先； 2、对数据高度敏感，需要熟练使用SQL进行数据提取与分析。有用户增长、电商产品、用户运营或数据分析相关实习经验者为重大加分项； 3、具备极强的逻辑拆解能力和用户同理心，能够站在用户视角思考问题；敢于提出独立见解并勇于表达，团队会给你充分的发挥空间和试错机会； 4、互联网产品重度使用者，对各大平台的增长裂变、导购链路有自己的观察。对前沿AI产品有强烈的好奇心和深度体验（不仅限于日常使用，更会拆解其产品逻辑），能敏锐捕捉AI技术赋能电商业务的结合点。
29848,AI产品经理（商家运营）-【电商】,https://zhaopin.kuaishou.cn/#/official/social/job-info/29848,产品类,全职,"北京,杭州",5,E9,D10114,2026-03-18T21:43:29.000+08:00,AI + 产品类;AI产品经理,1、负责电商运营小二AI效率工具的产品设计与落地，调研小二工作痛点，结合AI技术设计适配工具，推动产品从需求到上线迭代，提升小二运营效率； 2、负责商家AI托管工具规划与优化，实现代理小二完成商家日常标准化运营，联动技术团队优化工具能力，助力商家成长； 3、联动运营、算法、研发等团队，梳理需求优先级，输出PRD，推动产品高效落地； 4、建立产品核心指标监控体系，复盘数据，持续优化产品功能与策略，最大化商业价值； 5、关注AI前沿技术在电商运营场景的应用，探索创新场景，输出产品创新方案。,1、3年以上产品经验，有2B类、电商领域AI产品经验、运营效率类产品或AI托管工具落地经验者优先； 2、具备扎实的产品设计能力，熟悉AI核心技术应用逻辑，能独立完成产品全流程工作，具备基础技术沟通能力； 3、理解电商运营逻辑，熟悉快手电商生态，了解小二工作流程与商家痛点； 4、具备优秀的逻辑思维、跨部门协作及项目管理能力，对AI与电商行业有热情，有创新意识。
29850,ToC创新方向AI产品经理（消费）-【主站】,https://zhaopin.kuaishou.cn/#/official/social/job-info/29850,产品类,全职,北京,5,"E7,E8,E9",D12465,2026-03-18T19:48:07.000+08:00,AI + 产品类;AI产品经理,1、负责快手主站AI助手从0-1的产品探索，找到适合快手用户和快手平台的需求并落地； 2、深入理解快手用户的心理和行为习惯，了解行业相关AI产品，挖掘AI技术能带动的体验变革和情感价值； 3、独立完成产品原型设计，制定分阶段的产品迭代路线图，以数据为导向，通过A/B测试和用户反馈快速调优； 4、与技术团队（算法/工程）紧密配合，将底层AI能力落地成用户易懂、易用、爱用的产品功能。,1、本科及以上学历，具备3~5年以上ToC互联网产品经验，有社交/社区/内容/工具类产品经验者优先，有0-1经验者优先； 2、短视频、社区产品、工具产品重度用户，对新鲜事物有强烈好奇心，能站在用户视角思考问题，对用户体验细节有极致追求； 3、对国内外主流AI产品有深度的体验和见解，熟悉AI技术应用； 4、具备较强的数据分析能力，能通过数据验证产品假设，推动决策。目标感强，能承受0-1阶段的压力和不确定性。
29149,直播C端产品经理（AI玩法方向）-【主站】,https://zhaopin.kuaishou.cn/#/official/social/job-info/29149,产品类,全职,北京,5,"E8,E9",D2837,2026-03-17T10:47:39.000+08:00,AI + 产品类,1、深度洞察看播用户画像、行为路径与核心诉求，结合AIGC、大模型、数字人、语音交互等AI技术，规划并落地看播场景下AI玩法产品； 2、具备敏锐的行业洞察力与产品创新能力，能结合行业趋势与用户需求，挖掘AI看播玩法的创新机会，打造差异化产品，也对直播技术趋势及创新玩法有一定了解和感知，设计合理的迭代方案、期望指标及实验方式； 3、具备扎实的AI产品思维，能将AI技术特性转化为可落地的业务价值，平衡AI技术效果与成本投入；拥有极强的数据敏感度，熟练使用SQL、数据分析工具。,1、本科及以上学历，3年及以上直播短视频从业经历，有内容平台的工作经验，对娱乐直播行业和在线社交玩法有深度的理解和思考，能够拆解刻画用户社交、看播诉求； 2、用户意识强，逻辑思维、抗压能力强，具有优秀的用户端产品设计能力和业务理解能力； 3、有良好的数据分析能力，具备数据洞察到发现关键问题的能力； 4、具备一定的技术理解力，有AI助手、AIGC在内容场景的落地经验，或有大模型Prompt工程、AI Agent设计相关经验者优先。
28804,资深AI产品经理（直播礼物方向）-【主站】,https://zhaopin.kuaishou.cn/#/official/social/job-info/28804,产品类,全职,北京,6,"E9,E10",D2837,2026-03-17T10:47:38.000+08:00,AI + 产品类;AI产品经理,1、制定AI礼物的长期产品规划，结合AI技术与直播场景，定义差异化竞争策略； 2、深度分析用户送礼心理、主播互动需求，挖掘AI礼物的情感化、个性化价值点； 3、主导AI礼物的全链路产品设计：从触达、展示、互动到后续传播的完整用户体验； 4、探索AI礼物的新型互动模式，增强社交传播与裂变； 5、深入理解AI技术边界，能够将复杂技术转化为用户可感知的趣味体验。,1、 5年以上互联网产品经验，其中至少2年直播相关产品（礼物/互动/社交方向）经验； 2、有完整的AI产品项目经验，熟悉生成式AI、图像/语音合成等应用场景； 3、深度理解直播生态，对观众送礼动机、主播营收模式、平台分成机制有清晰认知； 4、出色的数据驱动思维，能够通过数据分析发现问题并推动产品优化。
28715,国内增长投放策略（可灵AI专项）,https://zhaopin.kuaishou.cn/#/official/social/job-info/28715,产品类,全职,北京,5,"E7,E8,E9",D14169,2026-03-17T10:17:26.000+08:00,AI + 产品类,1、负责可灵AI中国双端、海外app端投放工作，对接代理及媒体，帮助业务达成增长目标； 2、负责效果广告的全链路分析及优化，包括不限于广告创意、定向、出价、模型、承接等模块，结合用户画像与行为数据制定有效的策略，提升投放效率及关键数据指标，并沉淀方法论； 3、负责国内主流媒体平台（百度、必应、ASA、广点通、小红书等）、海外主流媒体平台（instagram、tiktok、ASA等）的广告投放策略制定与执行，根据业务目标（拉新、转化、品牌曝光）设计投放方案，优化预算分配； 4、对增长、广告投放有较深的认知和实操，能深度理解业务场景和目标，结合业务现状、用户调研、数据分析等信息探索增长点，制定付费增长策略； 5、负责跨部门协调及策略沟通相关工作，能有效牵引资源，保障项目顺利按期落地，不断梳理和优化业务流程。,1、本科及以上学历，有3年以上广告投放经验者优先； 2、有AI/工具行业经验者优先，有订阅类产品投放经验者优先，有国内+海外、app+web端投放经验优先； 3、具备数据分析能力，善于思考和总结，定期进行数据分析和复盘，具备创新精神，能将繁琐重复工作自动化； 4、优秀的逻辑思维和细节把控能力，擅长沟通协调，能独立协同项目相关方、推进项目落地并拿到结果；具备较好的成长意识与学习能力。
29792,B端高级产品经理（可灵AI专项）,https://zhaopin.kuaishou.cn/#/official/social/job-info/29792,产品类,全职,北京,5,"E8,E9,E10",D14168,2026-03-16T19:41:00.000+08:00,AI + 产品类,1、负责可灵AI to B 方向的产品工作，与运营、研发、销售团队密切合作，实现AIGC相关to B服务和能力的设计和推进； 2、具备国内/海外的AI市场敏锐度和客户洞察能力，并选择适配的to B方向进行相关平台及解决方案建设； 3、负责产品的上市和持续交付，与运营共同明确包括行业、地区、客户等差异化视角下的产品服务策略； 4、根据市场竞争环境、客户需求以及模型能力，推动to B产品的创新，持续提升用户满意度和产品体验。,1、3年以上面向B端的AI产品/云产品经验，有技术背景/技术理解优先； 2、强主动性和执行力；有较强的分析能力，能够从复杂的客户场景中提取客户需求； 3、有优秀的沟通能力，能够展现优秀的跨团队协作能力； 4、能够很好的取舍产品的优先级，最大限度地提升产品对客户的价值；对AI等领域有较强的好奇心， 能够持续学习； 5、具备一定的英语读写和沟通能力。
27761,AIGC产品经理-【商业化】,https://zhaopin.kuaishou.cn/#/official/social/job-info/27761,产品类,全职,北京,4,"E7,E8,E9",D13421,2026-03-12T16:07:06.000+08:00,AI + 产品类,1、负责广告素材AIGC产品全生命周期管理，包括但不限于脚本生成、文生图片、图生视频、文生视频等方向； 2、设计和实施创新的AIGC解决方案，以支持数字人业务发展，包括数字人口型驱动、表情驱动、动作驱动，以及文生音频、文生图片、数字人互动等功能； 3、与研发团队紧密合作，确保产品从概念到市场落地过程中的需求准确无误地实现，进行市场调研，收集用户反馈，分析竞争对手，以指导产品优化和迭代； 4、探索和评估新兴的人工智能技术，以识别新的应用场景，并提高现有产品的性能和用户体验，关注行业趋势，确保我们的AIGC解决方案始终保持行业领先。,1、计算机科学、人工智能或相关领域的专业背景优先，希望你深入理解NLP、深度学习等技术框架和算法原理； 2、至少3年互联网经验，有3年以上产品或广告素材相关领域从业经验优先； 3、具备出色的市场分析和产品规划能力，能根据市场需求制定有效的商业策略； 4、优秀的团队协作和项目管理能力，能够在多部门间有效沟通并推动项目进度，优先考虑成功实施前沿技术产品或商业化AIGC产品的经验者。
29553,AI应用产品 -【综效线-企业应用部】,https://zhaopin.kuaishou.cn/#/official/social/job-info/29553,产品类,全职,北京,4,"E7,E8,E9",D14609,2026-03-12T11:06:50.000+08:00,AI + 产品类,1、作为一专「多能」的超级个体，参与到 AI 产品的设计和实现，包括用户界面产品交互设计、AI 界面工具和资源设计、harness 策略设计和验证； 2、行业生态研究，作为一个学习型组织中的一员，选取并深度研究相关产品、开源项目、前沿论文、技术博客，提炼信息并在团队中分享信息； 3、负责AI产品数据分析工作，包括数据清洗、配置数据看板、数据分析等内容； 4、结合外部开源社区和各种 AI 工具，开创性改造工作方式，实现设计、评估、调试的效率成倍增长。,1、大学本科及以上学历，专业不限； 2、已经具备一定代码能力，熟悉 Agent 相关开源生态，能极速搭建和迭代交互原型、agent 原型，独立编码复现外部项目，验证想法； 3、经典的产品经理素养：对场景和体验有良好直觉，容易做出正确决策；能有效驾驭复杂事物并化繁为简；动手勤快，把想法变为现实的行动派作风； 4、积极、乐观、开放、自信、有强烈的好奇心和求知欲； 5、思维开拓、逻辑严密、有较好的直觉，能在有限的反馈中抓住规律，举一反三。
29713,AI产品经理实习生（导购方向）-【电商】,https://zhaopin.kuaishou.cn/#/official/social/job-info/29713,产品类,实习,北京,1,,D5843,2026-03-11T14:11:28.000+08:00,AI + 产品类;AI产品经理,1、聚焦直播间与短视频带货场景，利用生成式AI（LLM、文生图/视频）等能力，探索围绕内容理解、商品理解的导购效率提升方案，跟进产品项目，提升用户看买体验，缩短用户决策链路； 2、深入洞察C端用户在内容电商中的交易痛点，寻找AI能力能够帮助用户提升购物体验的方案（需针对用户痛点问题利用现有大模型手搓demo），为算法、研发提供用户行为洞察与业务输入； 3、作为AI产品经理，连接业务需求与算法中台，通过生产规则制定、内容评测、帮助训练模型更加“懂用户，懂带货”，确保AI生成内容的可用性与合规性。,1、对电商用户行为有很强的敏感度，能够及时发现用户在电商购物过程中的问题，有较好的问题总结能力与解决问题能力，有电商C端产品经验者优先； 2、熟悉Prompt、Agent、Rag工程原理，对大模型技术的应用边际有认知，有通过通用大模型手搓过一些应用demo经验，拥有AIGC、NLP、多模态能力应用经验的候选人优先； 3、逻辑性好，沟通协作能力强，拒绝空谈技术，注重解决实际效率问题；学习能力强，对AI大模型的前沿技术发展、应用场景、应用边界有较强的关注度与思考。
29691,AI数据标注平台产品经理-【可灵AI专项】,https://zhaopin.kuaishou.cn/#/official/social/job-info/29691,产品类,全职,北京,5,"E8,E9,E10",D13923,2026-03-10T19:17:16.000+08:00,AI + 产品类,1、产品战略与规划：定义数据标注平台的核心能力，制定支持可灵AI数据标注、采集、清洗、评估、标注业务经营管理的产品路线图，深入理解多模态大模型的数据标注需求，设计针对性数据生产管线与工具； 2、标注系统智能化：围绕模型辅助标注，提升标注效率与一致性，探索模型标注与人工标注的协同机制，降低数据成本； 3、专家协作生态构建：设计专家标注员管理、培训与质量评估体系，确保高质量要求数据（如专业的影视参数）的高质量产出，搭建众包+专家协同的混合生产模式，平衡效率与质量； 4、AI驱动数据闭环：推动标注数据反哺模型优化，构建“数据-模型-标注”自动化迭代闭环，建立行业领先的数据质量认知体系； 5、跨团队协同：联动AI算法、数据、标注运营团队，确保平台能力与业务需求深度对齐。,1、3年以上B端/AI产品经验，逻辑思维强，能深入现象抓本质，抽象提炼平台能力，有数据平台、标注工具、AI开发平台背景者优先； 2、对智能体（Agent）有深入的了解，熟悉PE，有搭建过智能体经验的优先； 3、目标感强，数据敏感，有出色的跨部门协调能力与抗压能力，能推动事情； 4、对模型有强烈的好奇心，能深入理解大模型训练流程（数据采集、清洗、标注、评测）。
29652,音视频模型数据策略产品实习生（可灵AI专项）,https://zhaopin.kuaishou.cn/#/official/social/job-info/29652,产品类,实习,北京,1,,D14167,2026-03-09T14:47:20.000+08:00,AI + 产品类,"1、为视频生成模型量身定制数据策略，基于中外电影电视史与影像表现手法，构建视频大模型的内容分类体系与逻辑框架，让你的影像判断力，真正影响模型的""视觉世界观""； 2、从0到1搭建高效、可扩展的数据生产链路：定义需求 → 设计流程 → 协调资源 → 验收交付，为模型提供影像审美层面的反馈与策略建议； 3、参与设计并优化大规模视频数据的智能筛选逻辑，以策略驱动自动化。",1、电影学、戏剧与影视学、编导相关专业背景（本科及以上）优先； 2、对 AIGC 内容有持续关注，会使用主流视频生成模型如可灵、Runway、Veo、Sora，有相关短片，并能对当前主流模型的输出质量作出独立评价； 3、具备扎实的视听积累，熟知国内外影视史脉络及当代创作动向，阅片量大、片种覆盖广，对影像有独立的鉴别力； 4、善用 IMDb、豆瓣、Letterboxd 等片库平台，能以系统化视角梳理、比较与定位影像资源； 5、结构化分析与语言表达能力，能将抽象的影像感知转化为结构化的语言表达，具备分类归纳与理论总结能力。 加分项： 1、有影视拍摄、剪辑、摄影或内容创作经历，能以创作者视角理解影像语言； 2、撰写过影评/有策展选片或影视发行等经历； 3、具备 Python 基础（非必须项）。
29521,AI 产品经理（AIGC方向）-【主站】,https://zhaopin.kuaishou.cn/#/official/social/job-info/29521,产品类,全职,北京,4,"E8,E9",D14741,2026-03-02T19:50:59.000+08:00,AI + 产品类;AI产品经理,1、负责回森社交方向的 AI 产品规划，探索 AI 在社交陪伴、互动增强、氛围营造等场景中的创新应用，拓展新型社交方式与产品体验； 2、基于用户洞察与业务目标，完成从需求定义、方案设计到效果验证的全流程，推动AI功能从0到1建设及持续迭代； 3、组织和协同算法、研发、设计等团队，高效推动大模型相关能力在 C 端场景落地，并把控项目节奏、体验质量与交付结果； 4、持续监测产品数据与用户反馈，推动交互策略与模型输出的迭代优化，对产品活跃度、留存与整体业务效果负责。,1、本科及以上学历，3年以上互联网产品经验，有内容、社交或AIGC方向经验优先； 2、对AI产品在用户互动、内容增强等场景的应用有理解，有相关产品落地经验者更佳； 3、熟悉大模型能力与Prompt设计，对 AI 产品从 0-1 落地或关键功能迭代有完整经验； 4、具备良好的用户洞察与数据分析能力，能从用户行为中抽象需求并推动有效优化。 加分项： 1、有音乐、K歌或泛娱乐社区产品经验，理解创作者心理与内容消费逻辑； 2、有AI商业化或ROI优化经验，懂得平衡体验与成本； 3、具备心理学、社交行为学背景，对虚拟陪伴、社交互动有深度洞察； 4、重度AI产品使用者，对大模型技术发展趋势有持续关注和理解。
28738,AI项目经理 - 【社区科学线】,https://zhaopin.kuaishou.cn/#/official/social/job-info/28738,产品类,全职,北京,5,"E7,E8,E9",D7075,2026-02-27T14:55:31.000+08:00,AI + 产品类,1、深入产品业务和研发团队，协助完成团队内部和跨团队的重点项目管理，流程优化，团队建设等工作； 2、结合业务和团队特点，积累和沉淀项目管理经验及方法论、团队知识库，并赋能培训团队项目管理相关内容以优化团队整体协作效率，并持续抽象将通用流程/规范平台化； 3、能管理和协调大型项目/项目集/项目组合，在规定时间内拿到既定业务目标，对项目结果负责；能通过定量/定性分析度量项目产出及效率。,1、本科及以上学历，4年及以上项目管理/大数据相关领域/互联网产品技术等相关经验； 2、沟通能力强，有全局观、皮实，能够适应高强度快节奏的工作，独立承担项目管理工作； 3、对新事物保持敏感和好奇心，善于学习，以结果为导向，不设边界，有很强的owner意识； 4、善于深度思考问题，具备优秀的逻辑思维及分析能力，具备良好的业务理解能力； 5、加分项： - 有多角色协同复杂项目管理经验优先； - 有互联网领域经验优先； - 有和算法、大模型、AI相关业务经验优先。
25937,AI产品实习生,https://zhaopin.kuaishou.cn/#/official/social/job-info/25937,产品类,实习,北京,1,,D13912,2026-02-26T16:21:55.000+08:00,AI + 产品类,1、跟进国内外前沿生成式AI产品的最新动态，能够及时对AIGC视觉领域的产品和应用进行市场调研和趋势分析； 2、从产品应用角度参与 AIGC 创作能力设计，关注用户使用体验及反馈，发现并优化体验细节； 3、协助产出 AIGC 场景化应用的平台产品方案。,1、本科及以上学历，有创作类 C 端产品实习经验优先； 2、对AI行业（AIGC图像、视频、LLM领域）的技术发展动态有认知； 3、有清晰的逻辑思维和表达能力，具备良好的团队协作精神，有创新精神，具有较强的责任心和执行力。
26692,海外-SEO策略产品（可灵AI专项）,https://zhaopin.kuaishou.cn/#/official/social/job-info/26692,产品类,全职,北京,5,"E7,E8,E9",D14169,2026-02-11T11:45:50.000+08:00,AI + 产品类,1、负责可灵官网及外部渠道的全站SEO优化工作，制定并推动实施整体内容策略，协调各方资源落地执行，持续提升自然流量规模； 2、深入理解AI视频用户的搜索行为，掌握主流搜索引擎的收录与排名机制，挖掘高价值、高转化潜力的关键词； 3、与内外部内容团队（包括技术文档、博客及社区UGC）紧密协作，推动高质量、高转化内容的高效产出，优化内容生产流程与搜索引擎可见性，提升用户访问体验； 4、搭建可灵SEO数据监控体系，涵盖关键词排名、自然流量转化归因等核心指标，通过A/B测试、日志分析等手段持续优化产品策略； 5、跟踪研究主流搜索引擎算法更新动态（如Google搜索、AI生成内容相关政策），可针对Google搜索算法调整，实时优化和调整SEO应对策略。,1、本科及以上学历，3年以上SEO产品或技术相关经验，具备AI或SaaS类产品优化案例者优先； 2、熟悉SEO网站架构、Schema标记、爬虫优化等技术者，或有策略产品经验者优先； 3、熟练掌握Google SEO相关策略与操作，具备实际操盘经验； 4、具备较强的逻辑思维与沟通表达能力，善于协调资源，具备良好的推动能力和总结复盘能力； 5、积极乐观，具备创业精神与探索意识，愿意与团队及业务共同成长。
26341,策略产品实习生（AIGC方向）-【商业化】,https://zhaopin.kuaishou.cn/#/official/social/job-info/26341,产品类,实习,北京,1,,D13422,2026-02-10T17:09:27.000+08:00,AI + 产品类,1、对AIGC感兴趣，协助跟进AI内容生成、AI Agent、数字人相关产品的设计及上线； 2、跟进业务重点项目需求分析和实时落地，高效推进保证项目按时交付； 3、负责AI生成内容的评估及分析，并从Case中洞察问题。,1、本科及以上学历，有过AI、机器算法学习、竞价广告策略、推荐策略等相关实习经验优先； 2、对AI产品感兴趣，愿意了解行业内外前沿科技和AI在广告领域的应用范式； 3、具备一定数据分析能力，学习意愿强烈，积极思考，工作踏实认真； 4、能实习6个月及以上，一周至少4天，全勤到岗优先。
29096,AIGC产品实习生-【商业化】,https://zhaopin.kuaishou.cn/#/official/social/job-info/29096,产品类,实习,北京,1,,D13423,2026-02-09T13:21:23.000+08:00,AI + 产品类,1、对AIGC感兴趣，协助跟进AIGC数字人直播数字人库、脚本、装修、音色等相关产品的设计、评估及上线； 2、跟进业务重点项目需求分析和实时落地，高效推进保证项目按时交付； 3、负责AI生成内容的评估及分析，并从Case中洞察问题。,1、本科及以上学历，有过AI、机器算法学习、竞价广告策略、推荐策略等相关实习经验优先； 2、对AI产品感兴趣，愿意了解行业内外前沿科技和AI在广告领域的应用范式； 3、具备一定数据分析能力，学习意愿强烈，工作踏实认真； 4、能实习6个月及以上，一周至少4天，全勤到岗优先。
29129,AI产品经理（内容理解方向）-【电商】,https://zhaopin.kuaishou.cn/#/official/social/job-info/29129,产品类,全职,"北京,杭州",5,"E8,E9,E10",D11163,2026-02-03T15:31:12.000+08:00,AI + 产品类;AI产品经理,1、通过大模型建立推荐可用特征体系建设，设计电商内容理解的结构化要素； 2、用内容理解解决推荐关键问题：包括但不限于商品相关性、意图识别与人群匹配、直播间理解、内容质量与可信度； 3、深入分析流量结构与业务诉求，提炼关键特征与业务指标，推动算法模型优化，与推荐算法共建“特征→模型→策略”闭环：明确策略入口（召回/粗排/精排/重排/混排）及每层可用信号。,1、3年以上产品经验，有推荐/搜索/广告/策略产品经验优先；能对复杂问题拆解并落地； 2、理解内容理解/多模态/LLM基本概念，能与算法对齐问题定义； 3、熟悉A/B实验、因果归因的基本方法，能用数据驱动判断与决策； 4、对电商转化链路理解清晰，从内容触达到成交、售后、复购；能兼顾短期效率与长期价值； 5、跨团队推进能力强，算法/工程/推荐/治理/运营多方协作下推进交付与收益。
29114,短视频策略产品经理（AIGC方向）-【电商】,https://zhaopin.kuaishou.cn/#/official/social/job-info/29114,产品类,全职,北京,5,"E8,E9,E10",D11163,2026-02-02T11:37:30.000+08:00,AI + 产品类,1、负责快手主站/极速版电商短视频的营收效率与规模提升，联动搜索、推荐、直播等多个场域资源，统筹优化流量分发策略，为全局短视频GMV负责； 2、基于AIGC技术分析用户行为数据，挖掘差异化的购买诉求，设计AI策略提升用户购买深度及体验； 3、结合大模型技术（LLM），优化内容理解与推荐系统，重构短视频内容生产链路； 4、主导AB实验设计，通过数据验证策略假设，持续迭代用户分层、流量分配及算法模型效果； 5、深入分析流量结构与业务诉求，提炼关键特征与业务指标，推动算法模型优化，实现技术与业务目标的高效对齐。,1、3年以上策略产品经验，有电商、商业化、搜索推荐、直播/短视频内容领域背景者优先； 2、具备与算法工程师协作经验，熟悉机器学习基础逻辑及模型迭代流程； 3、熟练使用SQL/Python等工具进行数据分析，擅长从数据中发现问题并提出解决方案； 4、极强的逻辑思维与系统化思考能力，能独立拆解复杂业务问题并设计策略闭环； 5、结果导向，具备强自驱力与抗压能力，能高效推进跨团队协作项目落地； 6、对AI技术（如AIGC、LLM）在业务场景的应用有浓厚兴趣，持续关注行业前沿动态。
29113,AI导购产品经理-【电商】,https://zhaopin.kuaishou.cn/#/official/social/job-info/29113,产品类,全职,"北京,杭州",5,"E8,E9,E10",D5843,2026-02-02T11:37:27.000+08:00,AI + 产品类,1、聚焦直播间与短视频带货场景，利用生成式AI（LLM、文生图/视频）等能力，探索围绕内容理解的导购效能提升，探索创新导购形态，提升用户看买体验，缩短用户决策链路； 2、深入洞察C端用户在内容电商中的交易痛点，以AI提升导购分发的精准度与互动效率，直接对用户体验指标、转化率（CVR）及GMV增量负责； 3、作为横向枢纽，连接业务需求与算法中台，主导工程与模型应用层策略，训练模型“懂带货、懂用户”，确保AI生成内容的商业可用性与合规性。,1、3年及以上互联网产品经验，拥有AIGC、NLP或多模态领域的成功商业化落地案例（0-1经验尤佳），熟悉Agent、RAG等对大模型技术边界有深刻理解； 2、极强的商业敏感度，熟悉内容电商（直播/短视频）逻辑，能精准识别技术如何赋能交易，拒绝空谈技术，注重解决实际效率问题； 3、具备复杂项目操盘力，逻辑缜密，能以结果为导向驱动产研团队，推动AI技术从“尝鲜”走向“标配”。
28117,电商广告AIGC产品经理实习生-【电商】,https://zhaopin.kuaishou.cn/#/official/social/job-info/28117,产品类,实习,北京,1,,D13502,2026-01-28T15:40:04.000+08:00,AI + 产品类,1、负责AI大模型在快手电商广告人货匹配上的应用，利用大模型内容理解、AIGC视频生产等技术能力，提升客户全链路投放效率、用户C端转化效率； 2、了解CNN、RNN、transformer等大模型神经网络架构，负责AIGC文案/图片/视频多模态内容生产的能力建设，包括但不限于AI工具接入、产品化设计、消耗渗透提升等； 3、对AIGC行业市场动态具有较好的洞察能力，能够将前沿技术很好的应用于业务中； 4、同时具备较好数据敏感度和分析能力，能够从数据中洞察问题并提出优化思路。,1、具备行业分析能力，数据敏感，逻辑清晰，熟练使用SQL等数据分析工具者优先； 2、良好的沟通能力，有团队合作精神与大局观； 3、良好的学习能力，具有良好的独立思考能力、自我驱动力和行业洞察力。
27597,数据标注项目管理（运营提效方向）-【可灵AI专项】,https://zhaopin.kuaishou.cn/#/official/social/job-info/27597,产品类,全职,北京,4,"E8,E9,E10",D13923,2026-01-26T10:24:42.000+08:00,AI + 产品类,1、定期梳理标注项目流程，识别流程中的瓶颈、冗余环节及潜在风险。针对交付过程中的突发问题及提效目标，组织内外部资源处理，降低项目风险，提高交付效率； 2、深入项目流程，监控项目效率、执行周期等过程；收集各专项交付相关数据，如流程周期、通过率、成本消耗等，评估流程运行效率，明确优化方向； 3、优化方案设计与落地，结合行业最佳实践与实际需求，制定针对性的流程优化方案，明确优化目标，实施步骤、责任及时间节点，缩短流程周期 、降低成本； 4、熟悉各种标注工具，能够从工具提效上给出合理可落地建议。统筹标注工具需求，推进工具优化提效。,1、本科及以上学历，专业背景不限，统计学、计算机科学与技术等相关专业为加分项； 2、2年及以上数据标注管理经验，具备较强的资源整合及成本优化能力和方法论沉淀能力；对大模型标注相关知识有较深入的了解和知识储备； 3、对数据敏感，具备基础的数据分析能力，能够基于复杂的业务场景进行独立的设计规划，关注新技术和新工具的使用； 4、积极主动，独立思考，具备较强的沟通能力和组织协作能力，内驱力强韧性强。
28362,AI产品经理（AI辅助互动）-【主站】,https://zhaopin.kuaishou.cn/#/official/social/job-info/28362,产品类,全职,北京,5,"E9,E10,E11",D0529,2026-01-15T18:13:03.000+08:00,AI + 产品类;AI产品经理,1.AI社交产品规划：主导回森社交产品的AI能力战略规划，探索大模型技术在社交陪伴、互动增强、氛围营造等场景的创新应用，设计下一代AI驱动的社交产品形态与用户体验； 2.用户需求转化与设计：基于深度用户行为分析及社交心理学洞察，完成从AI角色人格设定、多模态互动机制到全链路体验设计，打造具有情感共鸣与长期用户黏性的AI社交解决方案； 3.跨团队协同落地：统筹算法、工程、UX等团队资源，高效推进大模型能力在C端社交场景的工程化落地，确保项目全周期的进度管控、体验质量标准与商业化结果交付； 4.数据驱动迭代优化：建立产品效果评估体系，通过AB测试、用户反馈分析等方式持续优化AI交互策略与模型输出效果，对DAU、用户停留时长、互动频次等核心指标负责。,1.本科及以上学历，3年及以上互联网产品经理经验； 2.具备社交/内容社区/泛娱乐产品成功案例者优先； 3.深入理解AI在社交场景的应用范式（如关系破冰、情绪陪伴、互动增强）； 4.具备大模型应用落地经验，熟练掌握Prompt工程及AI产品迭代方法论； 5.出色的用户共情能力与数据敏感度，能通过定量定性分析洞察本质需求； 6.优秀的跨部门协作与项目推动能力，具备技术理解与产品化思维。
28853,内容风控策略产品经理（可灵AI专项）,https://zhaopin.kuaishou.cn/#/official/social/job-info/28853,产品类,全职,北京,6,"E9,E10,E11",D14169,2026-01-15T18:11:52.000+08:00,AI + 产品类,1、负责可灵业务安全策略规划与设计，搭建覆盖模型输入、生成、输出全链路的安全指标体系，明确风险量化标准与优化目标； 2、抽象AIGC场景的安全需求，主导安全策略平台化建设，提供可复用的策略服务与配置能力，支撑业务快速迭代； 3、建立安全问题分类体系、实时监控机制及闭环分析流程，结合用户使用场景、模型能力边界，推动安全策略持续迭代优化，降低风险发生率； 4、平衡业务安全与用户体验，协同算法、研发、运营等跨团队推进策略落地，解决落地过程中的跨部门协同问题，确保策略有效落地； 5、跟踪AIGC领域安全技术趋势与合规要求，输出安全风险评估报告，推动安全能力升级，提升业务口碑及用户安全体验。,1、3年及以上策略产品工作经验，有AIGC/大模型产品相关经验者优先，熟悉内容平台安全治理逻辑优先； 2、数据指标敏感度高，具备较强的业务抽象能力，能高效处理多且复杂的业务需求，提炼共性安全能力并转化为平台化解决方案； 3、了解大模型技术边界与AIGC安全风险点，学习能力强，能快速跟进前沿安全技术与合规政策，应用于实际业务。
28822,B端产品实习生（可灵AI专项）,https://zhaopin.kuaishou.cn/#/official/social/job-info/28822,产品类,实习,北京,1,,D14168,2026-01-14T16:23:25.000+08:00,AI + 产品类,1、需求挖掘与分析：协助进行内部用户（销售、运营）及外部客户的访谈、调研，整理与分析业务需求； 2、产品设计与迭代：参与功能模块的产品规划，使用Axure、Figma等工具输出产品原型、撰写清晰的产品需求文档； 3、全流程项目跟进：协助跟进功能从设计、开发、测试到上线的全过程，参与评审会，推动项目按计划落地； 4、数据与反馈梳理：收集并分析产品使用数据与用户反馈，为产品优化提供依据； 5、跨部门协作沟通：与研发、设计、运营、销售及财务部门紧密协作，确保信息对齐与项目顺利推进。,1、学历背景：本科及以上在校生，专业不限（计算机、信息管理、商业分析等相关专业优先）； 2、核心思维：具备出色的逻辑思维、结构化分析能力和同理心，能够理解复杂业务流程； 3、沟通与执行力：优秀的书面和口头沟通能力，积极主动，有强烈的责任心和团队合作精神； 4、技能基础：熟练使用Office办公套件，能快速学习Axure、Figma、XMind等产品设计与管理工具； 5、时间保证：每周能保证至少4天全勤实习，并可持续3个月以上。 加分项（非必需）： 1、对SaaS、CRM、企业服务或AI商业化领域有浓厚兴趣和初步认知； 2、有过产品实习经历，或在校内主导/深度参与过项目，并有清晰的角色贡献； 3、对海外产品有浓厚的兴趣或相关实习经验。
28693,AIGC工具产品经理（可灵AI专项）,https://zhaopin.kuaishou.cn/#/official/social/job-info/28693,产品类,全职,北京,5,"E8,E9,E10",D14169,2026-01-14T15:11:30.000+08:00,AI + 产品类,1、负责可灵模型产品应用能力建设，结合大模型技术发展趋势，设计具有技术前瞻性的平台能力，确保产品架构可兼容模型能力的持续迭代； 2、通过用户研究和数据分析，提炼多场景共性需求，协同模型能力的迭代，通过平台能力真实解决用户痛点； 3、协同多方角色，完成产品方案落地，建立可量化的效果评估体系。,1、3年以上用户型产品设计经验； 2、有深度的 AI 工具使用习惯，对 AI 产品有热情，相信 AI 将成为下一个时代的生产力； 3、具备系统性产品设计能力； 4、有人工智能/计算机相关专业背景加分；
28633,AI产品经理（应用方向）-【可灵AI专项】,https://zhaopin.kuaishou.cn/#/official/social/job-info/28633,产品类,全职,北京,5,"E7,E8,E9",D13912,2026-01-14T15:11:29.000+08:00,AI + 产品类;AI产品经理,1、产品战略与规划：深入洞察AIGC行业趋势、用户需求和竞争格局，负责AI创作工具/Agent（Web 端）的中长期产品规划和迭代路线图； 2、核心功能与体验设计： 负责AI创作工具核心功能的完整生命周期，通过对模型能力和用户痛点的挖掘，系统性地优化用户创作体验，并探索与定义前沿的AI原生交互模式； 3、一体化工作流构建：规划并推动图像与视频生成工作流的深度整合方案，打造连贯、高效的一体化创作体验，构建平台的核心竞争壁垒； 4、模型效果定义与驱动：与算法团队紧密协作，将用户场景和产品需求，转化为清晰、可量化的模型效果评估标准。通过建立评测体系和反馈闭环，持续驱动算法模型在美学、可控性、真实感等方面的迭代精进； 5、数据驱动与用户洞察：深度挖掘用户行为数据，结合定性/定量的用户研究和A/B测试，科学地评估产品表现，精准洞察用户核心意图与痛点，发现增长机会并驱动产品决策； 6、跨团队协同与项目管理：作为项目核心，高效地与算法、工程、设计、运营、法务等团队沟通协作，确保产品高质量、按时交付，并达成预期的业务和数据目标。,1、经验背景：3年及以上互联网产品经理经验，其中必须包含至少1年以上AIGC产品（图像或视频生成方向优先）的核心岗位经验； 2、领域认知：对AIGC技术及行业有深刻理解，熟悉主流AI图像/视频产品的特点、优势及局限性，有自己的独到见解； 3、技术理解力：对AI技术原理有基本认知，尤其熟悉LLM、多模态大模型等，能与算法工程师进行深度、高效的技术方案交流； 4、产品硬实力：具备优秀的逻辑思维和用户同理心，能从复杂的场景中洞察用户痛点，并提炼为清晰的产品需求。能独立完成高质量的PRD、交互原型设计、数据埋点方案等产品文档的撰写； 5、数据能力：具备优秀的数据分析能力和数据敏感性，能熟练运用数据指导产品决策，有A/B测试设计和分析经验者优先； 6、综合素质：具备出色的沟通协调和项目管理能力，能有效驱动跨职能团队达成目标。有强烈的自驱力、好奇心和责任心，能在快速变化和充满挑战的环境下保持学习和成长。对AI创作充满热情，乐于探索技术的边界，渴望打造出改变内容创作方式的顶尖产品； 7、加分项：有从0到1成功打造并运营AIGC产品的经验者优先。有AI Agent或多步工作流（Workflow）自动化产品设计经验者优先。具备影视行业背景（如导演、分镜师等），深刻理解叙事与镜头语言者优先。具备技术（算法/开发）或设计（UI/UX）背景者优先。有海外产品设计和运营经验者优先。
27596,大模型数据交付专家（视频/图像生成方向）-【可灵AI专项】,https://zhaopin.kuaishou.cn/#/official/social/job-info/27596,产品类,全职,北京,4,"E8,E9,E10",D13923,2026-01-14T15:11:28.000+08:00,AI + 产品类,1、统筹视频/图像生成模型不同专项的数据标注和评测项目的交付工作，包括对接需求、制定合理的交付方案。对交付中的风险及时把控，制定风险应对策略，确保项目高效交付； 2、负责数据质量把控，梳理并分析数据质量的问题，优化质控方案，能够反哺和迭代标注标准，提升标注质量，从而提高模型效果； 3、深入理解业务场景、行业动态和大模型技术趋势，推动数据团队和算法、产品团队的深度融合，共同制定并明确标注规范与交付标准； 4、能够根据业务需求合理分配工作任务，组织管理外包、众包人员，充分发挥团队成员的专业优势，提升团队整体工作效率； 5、建立和完善标注项目的质量控制体系，结合项目需求不断优化标注-审核-验收-交付流程，确保数据高质量交付。,1、本科及以上学历，专业背景不限，摄影、影视编导或美学类专业、外语（英语、日语、韩语）等专业为加分项； 2、2年及以上视频/图像大模型领域相关工作经验，熟悉数据生产全流程，能够熟练运用项目管理工具和方法，对AI有热情，熟悉市面上热门大模型工具； 3、有良好的数据分析能力，能够从数据中洞察并提取有价值的业务信息，关注数据优化的工具和方法； 4、有良好的沟通表达能力，逻辑思维清晰，学习能力强，知识面广，能适应高标准的工作要求，具备多线程工作能力； 5、结果导向，善于解决复杂问题，独立思考，能够深度剖析问题；心态开放，拥抱变化，内驱力和韧性强。
24247,快手AI战略实习生,https://zhaopin.kuaishou.cn/#/official/social/job-info/24247,产品类,实习,北京,1,,D13912,2026-01-14T15:11:28.000+08:00,AI + 产品类,1、深度研究各类模型和AI产品能力、调研用户需求和产品解决方案，持续探索AI产品价值； 2、跟进AI视觉生成领域最新进展，对产品动态、行业趋势、市场情况做出分析和报告撰写，挖掘优秀公司进行深入研究； 3、参与用户需求分析与市场研究，向模型算法/产品/运营团队输出认知，贡献决策讨论。,职位要求 1、有行业分析和案例研究基础，互联网大厂战略/技术投资/咨询等实习经验者优先； 2、每周至少4天，至少实习3个月，工作积极主动、高度的责任心、勤奋踏实； 3、对数据敏感，擅长将复杂问题结构化，独立思考能力强，有独到业务见解者加分； 4、对互联网行业有热情、对研究相关工作有充分的好奇心与钻研欲望。 你将获得 1、全球领先的AI视觉生成项目经验与knowhow，亲身推动AI视觉生成行业蓬勃发展； 2、Exposure好，可以完整参与项目研究与决策，与行业经验丰富的前辈大牛们共事，与来自各大名校的小伙伴共同成长。
26848,社区产品经理（可灵AI专项）,https://zhaopin.kuaishou.cn/#/official/social/job-info/26848,产品类,全职,北京,5,"E8,E9,E10",D13912,2026-01-14T15:11:28.000+08:00,AI + 产品类,1、负责可灵app/web端的内容推荐，通过内容策略和分发效率的优化，提升用户体验并带动创作者创作和活跃； 2、深入理解AIGC内容和国内外行业趋势，具备在AI内容场景下的内容选择和判断力，以及对创作者行为和动机的洞察； 3、针对国内、海外的差异化创作者和内容生态，进行策略的适配及本地化； 4、与相关技术团队、社区运营团队、创作工具团队等高效合作，共同推动社区规模和创作规模增长，并可以反向梳理创作趋势并输出。,1、本科及以上学历，3年以上社区推荐/创作者生态相关产品经验，有AI相关经历优先； 2、对AI和大模型有充分的兴趣和爱好，愿意投身其中和持续学习； 3、具备较强的逻辑思维与沟通表达能力，善于协调资源，具备良好的推动能力和总结复盘能力； 4、积极乐观，具备创业精神与探索意识，愿意与团队及业务共同成长。
25696,可灵AI B端产品经理,https://zhaopin.kuaishou.cn/#/official/social/job-info/25696,产品类,全职,北京,5,"E8,E9,E10",D13912,2026-01-14T15:11:27.000+08:00,AI + 产品类,1、市场洞察与需求分析： ● 通过调研和用户沟通，分析产品实际使用情况，洞察用户场景和需求，挖掘用户价值和痛点； ● 通过市场和竞对分析，洞察市场和技术发展趋势，分析对比行业产品能力。 2.、产品规划和设计： ● 负责API和开放平台相关的功能设计和迭代优化； ● 深入理解开发者需求，设计易用、高效、安全的API产品和平台功能，提升开发者体验； ● 关注用户使用体验，合理安排产品需求优先级，推动产品改进、新产品或功能孵化，提升产品易用性，优化产品稳定性、安全性、性能和成本。 3、跨团队协作： ● 协同研发团队完成产品的开发、测试、上线各环节，完成产品按期交付，达到预期效果； ● 配合市场和运营团队，完成产品宣发和客户运营，维护客户体验。,"1、3-5年产品经验； 2、理解平台型产品的基础技术栈和工具（API, SDK等），能与研发团队高效沟通和协作； 3、具备一定的英语阅读和写作能力； 4、有技术背景和B端产品从业经验优先； 5、有AI产品从业经验优先。"
27577,AIGC平台产品经理（可灵AI专项）,https://zhaopin.kuaishou.cn/#/official/social/job-info/27577,产品类,全职,北京,5,"E8,E9,E10",D13912,2026-01-14T15:11:27.000+08:00,AI + 产品类,1、参与公司大模型与AIGC相关的平台型和用户型项目，包括但不限于语言模型、图像生成、语音合成、视频生成等方向； 2、负责AI创作平台的需求分析、功能设计、产品规划和迭代优化工作，为用户体验与平台生态负责； 3、根据实际情况参与其他与大模型和AIGC相关的产品工作； 4、具体工作内容将根据实际情况和个人特长进行分配和调整。,1、本科及以上学历，计算机与人工智能或产品设计等相关专业优先； 2、有工具类产品经验，具备 C 端产品 sense； 3、优秀的逻辑分析和数据处理能力，善于从数据中提炼洞见； 4、良好的沟通协调能力，能够有效协调各部门资源，推动项目进展； 5、积极主动，富有创新精神，愿意在AIGC领域探索前沿的应用场景。 加分项： 1、有创作工具或创作者社区相关经验； 2、在知名AI公司或互联网公司有相关工作经历； 3、与技术有一定理解或具备一定的数据分析和建模能力。
28594,产品运营实习生（AIGC方向）-【商业化】,https://zhaopin.kuaishou.cn/#/official/social/job-info/28594,产品类,实习,北京,1,,D13423,2025-12-31T11:06:59.000+08:00,AI + 产品类,1、对AIGC感兴趣，协助跟进AIGC数字人直播产品能力的问题，通过数据分析、问题拆解定位核心影响； 2、跟进业务重点项目需求分析，深入行业洞察，了解行业直播优质内容与玩法，可挖掘出数字人能落地的方向； 3、基于产品了解、案例产出，跟进内外部内容宣发，结合宣发渠道，有力推广数字人直播声量； 4、负责AI生成内容的评估及分析，并从Case中洞察问题。,1、本科及以上学历，有过AI、直播产品运营、商业化产品运营等相关实习经验优先； 2、对AI产品感兴趣，愿意了解行业内外前沿科技和AI在广告领域的应用范式； 3、具备一定数据分析能力，学习意愿强烈，工作踏实认真； 4、能实习6个月及以上，一周至少4天，全勤到岗优先。
28259,磁力聚星·AI产品经理实习生（达人营销方向）-【商业化】,https://zhaopin.kuaishou.cn/#/official/social/job-info/28259,产品类,实习,北京,1,,D10637,2025-12-08T12:07:53.000+08:00,AI + 产品类;AI产品经理,1、 AI 驱动产品运营：基于磁力聚星平台特性与 AI 营销行业洞察，制定并推进 AI 赋能的产品运营策略（如 AI 达人智能匹配、AI 投放效果优化、AI 内容生成工具推广），提升产品使用效率与商业化转化价值； 2、 AI 场景需求挖掘：深入调研达人、品牌客户在营销全链路中的核心痛点，聚焦 AI 工具（如智能数据分析、达人画像建模、效果预测）的共性需求，输出需求文档并推动产品迭代，沉淀 AI 赋能的运营方法论与标杆案例； 3、AI 辅助数据决策：通过 AI 数据分析工具（如智能归因系统、数据看板）跟踪投放效果、用户行为数据，独立完成数据洞察与归因分析，识别 AI 产品体验瓶颈（如工具易用性、功能适配性），推动复杂问题解决与业务链路优化； 4、 AI 产品落地支撑：参与 AI 产品解决方案设计（如 AI 达人筛选模型、智能投放工具），输出标准化落地文档（含 AI 工具使用指南、操作手册），组织内部培训，提升团队 AI 工具应用能力与业务落地效率。,1、实习周期3 个月以上，有达人营销、效果广告运营或 AI 产品相关实习经验（如 AI 工具使用、AI 营销场景落地）者优先； 2、具备清晰的逻辑思维与数据分析能力，能熟练使用基础数据分析工具（Excel/SQL），并愿意探索 AI 辅助分析工具（如 Tableau AI、数据分析类插件），独立完成投放效果复盘与策略优化； 3、 强主动驱动意识，能做到： 自我驱动：明确 AI + 业务的项目价值与优先级，主动推进 AI 功能落地、需求调研等关键任务； 横向协同：有效联动技术、运营、市场等跨部门资源，确保 AI 产品需求有序落地； 风险管理：及时同步项目进度与潜在风险（如数据依赖、功能适配问题），保持信息透明； 4、 具备全局视野与复盘能力，能从执行细节中抽象出 AI 赋能达人营销的可复用方法论（如 AI 工具优化路径、需求挖掘框架）； 5、认同长期主义，对 AI 在营销领域的应用有探索热情，专注能力提升与价值创造，能保持稳定输出； 6、 加分项：了解磁力聚星 / 同类达人营销平台，或具备 AI 工具（如 AI 内容生成、智能数据分析工具）使用经验。
27615,AI 平台高级产品经理【基础平台】,https://zhaopin.kuaishou.cn/#/official/social/job-info/27615,产品类,全职,北京,6,"E9,E10",D11261,2025-12-03T17:22:32.000+08:00,AI + 产品类,1、负责AI大模型平台产品建设与迭代，结合产品应用给出各方向产品力定义、方案规划、实施路径及推进在业务落地； 2、负责用户痛点调研、收集反馈及业务诉求与场景分析，并结合效果监测、行业同类产品最新发展动态等调整产品迭代方向，持续提升产品体验及用户满意度； 3、推进技术、运营等跨团队成员合作，有效协调资源、充分协作，推动产品高效保质交付； 4、负责产品能力在业务的落地及效果评估，能通过数据及业务反馈驱动产品决策与能力演进。,1、本科及以上学历、计算机或人工智能相关专业优先，3年以上AI、机器学习等相关领域产品经验； 2、有模型开发、模型部署、智能体应用等AI产品设计或项目实操经验者优先； 3、对AIGC、图像生成、视频生成技术有强烈兴趣，对大模型技术发展趋势有足够的洞察和认知； 4、 优秀的逻辑思维和沟通表达能力，具备ToB业务意识、能准确识别用户需求，并有效转化为产品能力。
23603,AI平台产品经理,https://zhaopin.kuaishou.cn/#/official/social/job-info/23603,产品类,全职,北京,5,E8,D11721,2025-12-01T11:16:52.000+08:00,AI + 产品类,1、负责公司级 AI平台的产品建设与迭代，通过平台能力支撑快手的推荐、广告、搜索、大模型 等核心AI算法业务的高效迭代； 2、负责特征工程、模型研发、训练部署与上线 等Data&MLOps 全生命周期管理，包括需求分析、产品设计、开发、测试和发布等；调研用户痛点，分析业务需求并跟踪行业对标产品进展； 3、与研发、算法团队紧密配合，有效协调资源，推动产品高效交付，助力业务迭代； 4、跟进用户反馈、分析用户行为，结合分析结果调整产品迭代方向，持续提升用户体验和满意度。,1、本科及以上学历，计算机、人工智能及大数据相关专业优先； 2、3年及以上AI领域产品经理岗工作经验，有数据开发、模型开发、模型部署等AI平台产品经验优先； 3、产品基本功扎实，有较强的执行力和推动力，跨团队协调能力强； 4、优秀的逻辑思维和沟通表达能力，具备ToB业务意识和服务精神，能准确识别用户需求，并有效转化为产品能力； 5、具备较强的数据分析能力，对数据指标有精准的理解和敏感度，能够依据数据驱动产品决策与优化。
26302,智能客服实习生（AI方向）-【商业化】,https://zhaopin.kuaishou.cn/#/official/social/job-info/26302,产品类,实习,北京,1,,D0372,2025-11-27T14:13:28.000+08:00,AI + 产品类,1、协助产品经理进行效果投放平台、企微端等多端智能客服产品的建设，包括但不限于面向客户的AI客服、AI优化师、SCRM等产品，完成需求沟通、需求执行落地，辅助研发模型调优，助力业务指标达成； 2、持续学习业界优秀的SCRM、AI机器人等方向产品，并且能基于有效的数据分析和业务调研，持续推动产品迭代，助力业务目标达成。,1、有商业化AI智能问答类工具、智能客服类产品经验优先，有模型评测经验优先； 2、对智能营销助手和AI大模型有较高的热情和好奇心，了解大模型能力，应用场景等，对智能解决方案有所了解，积极性和推动能力强； 3、具备一定的分析能力和数据处理能力，能够运用相关工具进行数据分析； 4、有责任心，能够承受一定的工作压力，具备较强的学习能力和自我驱动力。
27919,AI产品实习生,https://zhaopin.kuaishou.cn/#/official/social/job-info/27919,产品类,实习,北京,1,,D2837,2025-11-14T15:19:05.000+08:00,AI + 产品类,1、探索大模型与多模态模型在直播场景的应用和落地，负责参与相关的产品设计； 2、优化数据标注业务场景的测评方案、Case标注流程，与算法协同优化Prompt和模型； 3、跟进研发进度，与算法工程团队、标注团队紧密协作，确保产品按计划推进； 4、参与用户调研，深入了解用户需求和痛点，以提升产品的用户体验。,1、计算机、人工智能专业优先，加分项：互联网产品实习、直播、AI互动或内容生成、Prompt工程方向经验； 2、熟悉大模型原理，包括但不限于Prompt工程，微调技术、RAG等，对AI方向有热情和信心； 3、具备较强沟通协作能力，学习意愿强，数据分析能力强，有责任心，能按时、高质量地完成工作任务，有一定的抗压能力； 4、实习时长6个月以上，每周5天全勤。工作地点：北京元中心。
26995,AI应用产品实习生 -【综效线-企业应用部】,https://zhaopin.kuaishou.cn/#/official/social/job-info/26995,产品类,实习,北京,1,,D12188,2025-09-17T10:44:19.000+08:00,AI + 产品类,1、作为一专「多能」的超级个体，参与到 AI 产品的设计和实现，除了传统意义上的产品设计工作外，还需要设计并搭建 agent 架构完成实验验证，作为开发者参与到 AI 项目的实现； 2、行业生态研究，作为一个学习型组织中的一员，选取并深度研究相关产品、开源项目、前沿论文，提炼信息并在团队中分享信息； 3、负责AI产品数据分析工作，包括数据清洗、配置数据看板、数据分析等内容。,1、大学本科及以上学历，专业不限，但必须有效掌握两项技能，首先，有效驾驭 v0 等 AI 原型工具，极速搭建和迭代交互原型，其次，熟练的代码功底，可以承担后端开发工作，可以根据调研发现，独立编码复现外部项目，验证想法； 2、积极、乐观、开放、自信、有强烈的好奇心和求知欲； 3、思维开拓、逻辑严密、有较好的直觉，能在有限的反馈中抓住规律，举一反三； 4、每周至少4天，实习周期6个月以上。 关于为什么这个产品实习生要做开发？ 在我们看到的未来，设计者和实现者大概率会合二为一，而今天的 AI 工具带来的效率和门槛的变革，已经能支撑这件事在局部发生。你不需要在做产品还是做开发这两个选项间犹豫。当然，这意味着对能力矩阵提出了更高的要求。
26347,AI产品实习生 - 【效率工程部】,https://zhaopin.kuaishou.cn/#/official/social/job-info/26347,产品类,实习,北京,1,,D7481,2025-09-16T17:48:05.000+08:00,AI + 产品类,1、市场洞察与策略制定：深入研究海外市场趋势，洞察用户需求，制定产品市场策略，推动产品在海外市场的落地与增长； 2、产品规划与管理：负责产品的规划、设计与迭代管理，需求调研、需求文档撰写、需求宣讲，保障产品高质量交付； 3、用户研究与体验优化：持续进行用户调研与数据分析，理解用户痛点与行为，推动产品体验优化，提升用户满意度和产品价值； 4、技术协同与创新探索：与技术团队紧密协作，理解AI等前沿技术的发展趋势，探索创新应用场景，推动产品技术实现及差异化竞争力建设。,1、本科及以上学历，有海外留学经历者优先，具备美国本科背景更佳； 2、对海外市场、产品及用户有敏锐的洞察力和深刻理解； 3、拥有产品相关实习经验，具备扎实的产品经理基本功，包括需求调研、需求文档撰写等； 4、具备一定的技术素养，了解 AI 的基本原理及行业发展趋势。 加分项： 1、对产品充满热情，有自主设计或开发过小型产品的经历，或参与过黑客松等创新活动； 2、学习能力强，乐于成为多面手，能够涉猎营销、编程等多领域，致力于成长为 AI 时代的 “超级个体”。
26152,AI产品实习生（直播）-【主站】,https://zhaopin.kuaishou.cn/#/official/social/job-info/26152,产品类,实习,北京,1,,D13902,2025-07-28T18:28:06.000+08:00,AI + 产品类,1、探索大模型与多模态模型在直播场景的应用和落地，负责参与相关的产品设计； 2、优化数据标注业务场景的测评方案、case标注流程，与算法协同优化prompt和模型； 3、跟进研发进度，与算法工程团队、标注团队紧密协作，确保产品按计划推进； 4、参与用户调研，深入了解用户需求和痛点，以提升产品的用户体验。,1、计算机、人工智能专业优先，加分项：互联网产品实习、直播、AI互动或内容生成、Prompt工程方向经验； 2、熟悉大模型原理，包括但不限于Prompt工程，微调技术、RAG等，对AI方向有热情和信心； 3、具备较强沟通协作能力，学习意愿强，数据分析能力强，有责任心，能按时、高质量的完成工作任务，有一定的抗压能力。
21452,AI平台产品实习,https://zhaopin.kuaishou.cn/#/official/social/job-info/21452,产品类,实习,北京,1,,D11721,2025-07-07T12:56:57.000+08:00,AI + 产品类,1、参与AI平台的产品设计与优化，产出需求文档与原型图； 2、参与挖掘用户需求，梳理并理解复杂的业务逻辑，并制定产品解决方案； 3、追踪平台数据，分析用户行为和问题，为产品的迭代方向提供数据支持。,1、逻辑清晰，有良好的问题发现和解决能力； 2、了解产品设计与开发流程，熟练掌握Axure、Visio等产品原型设计工具； 3、强烈的数据驱动意识，具备良好的数据分析能力，熟练使用Python、SQL优先； 4、有大数据开发、机器学习平台的背景优先。
